command,mean,stddev,median,user,system,min,max
/nix/store/558z4nf1w977krv3szmk3vwpllnh8pla-walk-javascript-0.1.0/bin/walk-javascript /home/jeremy/src,6.0287930564,0.4021747604473343,5.896423551,3.50541,3.0141719,5.623745585,6.776178006
/nix/store/dla3fm17sy9ww6q0gpzzf096b62b469n-walk-javascript-0.1.0/bin/walk-javascript-concurrent-recursive /home/jeremy/src,4.541945051899999,0.33706656021980125,4.5192828615,8.031091199999999,4.8736862,4.103365442,5.183759204
/nix/store/lqasyn4vjv119jilbwq9hb4pk4p1b139-walk-javascript-0.1.0/bin/walk-javascript-recursive /home/jeremy/src,7.2266492201000005,0.178507116996281,7.267993899,4.1520468,3.6501384999999997,6.918646674,7.4528981
/nix/store/8d4sqc4lxbhhi5m2rmcj5f4sz0h8rghr-python/bin/walk-python /home/jeremy/src,3.8820761238,0.27733892570362456,3.77061897,2.0810468,1.7891199,3.589776481,4.318000545
/nix/store/qs80qsn8hagldnxg6vk3vi30b9wrqf95-rust-0.1.0/bin/walk-rust /home/jeremy/src,1.9621212393,0.03903468989896551,1.9530244095,0.3845533,1.5713614,1.926239873,2.060135558
/nix/store/zk0zcn4vipk03i1nkxrzxdwmz59d41r0-rust-0.1.0/bin/walk-rust-rayon /home/jeremy/src,0.6277915298,0.016521746215462985,0.622063491,2.7200248,6.504025799999999,0.614813645,0.664506012
/nix/store/gvyih65ds31wlpk068q32p8dj8wc3123-rust-0.1.0/bin/walk-rust-tokio /home/jeremy/src,3.6899326284,0.04183908821816758,3.6831382660000003,15.4898258,30.354724799999996,3.6173243260000003,3.763576378
